Title,Tags
Frontend Developer,Frontend Developer Python SQL Machine Learning AWS React Java Node.js
Java Engineer,Java Engineer Python SQL Machine Learning AWS React Java Node.js
DevOps Engineer,DevOps Engineer Python SQL Machine Learning AWS React Java Node.js
Data Scientist,Data Scientist Python SQL Machine Learning AWS React Java Node.js
DevOps Engineer,DevOps Engineer Python SQL Machine Learning AWS React Java Node.js
Data Scientist,Data Scientist Python SQL Machine Learning AWS React Java Node.js
Data Scientist,Data Scientist Python SQL Machine Learning AWS React Java Node.js
Data Scientist,Data Scientist Python SQL Machine Learning AWS React Java Node.js
Java Engineer,Java Engineer Python SQL Machine Learning AWS React Java Node.js
Frontend Developer,Frontend Developer Python SQL Machine Learning AWS React Java Node.js
Python Developer,Python Developer Python SQL Machine Learning AWS React Java Node.js
Java Engineer,Java Engineer Python SQL Machine Learning AWS React Java Node.js
Java Engineer,Java Engineer Python SQL Machine Learning AWS React Java Node.js
DevOps Engineer,DevOps Engineer Python SQL Machine Learning AWS React Java Node.js
Python Developer,Python Developer Python SQL Machine Learning AWS React Java Node.js
DevOps Engineer,DevOps Engineer Python SQL Machine Learning AWS React Java Node.js
Python Developer,Python Developer Python SQL Machine Learning AWS React Java Node.js
Frontend Developer,Frontend Developer Python SQL Machine Learning AWS React Java Node.js
Data Scientist,Data Scientist Python SQL Machine Learning AWS React Java Node.js
DevOps Engineer,DevOps Engineer Python SQL Machine Learning AWS React Java Node.js
Frontend Developer,Frontend Developer Python SQL Machine Learning AWS React Java Node.js
Python Developer,Python Developer Python SQL Machine Learning AWS React Java Node.js
Python Developer,Python Developer Python SQL Machine Learning AWS React Java Node.js
Python Developer,Python Developer Python SQL Machine Learning AWS React Java Node.js
Data Scientist,Data Scientist Python SQL Machine Learning AWS React Java Node.js
Python Developer,Python Developer Python SQL Machine Learning AWS React Java Node.js
Frontend Developer,Frontend Developer Python SQL Machine Learning AWS React Java Node.js
DevOps Engineer,DevOps Engineer Python SQL Machine Learning AWS React Java Node.js
Python Developer,Python Developer Python SQL Machine Learning AWS React Java Node.js
DevOps Engineer,DevOps Engineer Python SQL Machine Learning AWS React Java Node.js
Frontend Developer,Frontend Developer Python SQL Machine Learning AWS React Java Node.js
Frontend Developer,Frontend Developer Python SQL Machine Learning AWS React Java Node.js
Data Scientist,Data Scientist Python SQL Machine Learning AWS React Java Node.js
Data Scientist,Data Scientist Python SQL Machine Learning AWS React Java Node.js
Frontend Developer,Frontend Developer Python SQL Machine Learning AWS React Java Node.js
DevOps Engineer,DevOps Engineer Python SQL Machine Learning AWS React Java Node.js
Data Scientist,Data Scientist Python SQL Machine Learning AWS React Java Node.js
Python Developer,Python Developer Python SQL Machine Learning AWS React Java Node.js
Python Developer,Python Developer Python SQL Machine Learning AWS React Java Node.js
Python Developer,Python Developer Python SQL Machine Learning AWS React Java Node.js
DevOps Engineer,DevOps Engineer Python SQL Machine Learning AWS React Java Node.js
DevOps Engineer,DevOps Engineer Python SQL Machine Learning AWS React Java Node.js
Frontend Developer,Frontend Developer Python SQL Machine Learning AWS React Java Node.js
Java Engineer,Java Engineer Python SQL Machine Learning AWS React Java Node.js
Frontend Developer,Frontend Developer Python SQL Machine Learning AWS React Java Node.js
Java Engineer,Java Engineer Python SQL Machine Learning AWS React Java Node.js
Java Engineer,Java Engineer Python SQL Machine Learning AWS React Java Node.js
DevOps Engineer,DevOps Engineer Python SQL Machine Learning AWS React Java Node.js
Data Scientist,Data Scientist Python SQL Machine Learning AWS React Java Node.js
Data Scientist,Data Scientist Python SQL Machine Learning AWS React Java Node.js
Frontend Developer,Frontend Developer Python SQL Machine Learning AWS React Java Node.js
Python Developer,Python Developer Python SQL Machine Learning AWS React Java Node.js
DevOps Engineer,DevOps Engineer Python SQL Machine Learning AWS React Java Node.js
Python Developer,Python Developer Python SQL Machine Learning AWS React Java Node.js
DevOps Engineer,DevOps Engineer Python SQL Machine Learning AWS React Java Node.js
Frontend Developer,Frontend Developer Python SQL Machine Learning AWS React Java Node.js
DevOps Engineer,DevOps Engineer Python SQL Machine Learning AWS React Java Node.js
Java Engineer,Java Engineer Python SQL Machine Learning AWS React Java Node.js
Java Engineer,Java Engineer Python SQL Machine Learning AWS React Java Node.js
DevOps Engineer,DevOps Engineer Python SQL Machine Learning AWS React Java Node.js
Java Engineer,Java Engineer Python SQL Machine Learning AWS React Java Node.js
Java Engineer,Java Engineer Python SQL Machine Learning AWS React Java Node.js
Java Engineer,Java Engineer Python SQL Machine Learning AWS React Java Node.js
Frontend Developer,Frontend Developer Python SQL Machine Learning AWS React Java Node.js
Python Developer,Python Developer Python SQL Machine Learning AWS React Java Node.js
Python Developer,Python Developer Python SQL Machine Learning AWS React Java Node.js
Java Engineer,Java Engineer Python SQL Machine Learning AWS React Java Node.js
Java Engineer,Java Engineer Python SQL Machine Learning AWS React Java Node.js
Java Engineer,Java Engineer Python SQL Machine Learning AWS React Java Node.js
Java Engineer,Java Engineer Python SQL Machine Learning AWS React Java Node.js
Frontend Developer,Frontend Developer Python SQL Machine Learning AWS React Java Node.js
DevOps Engineer,DevOps Engineer Python SQL Machine Learning AWS React Java Node.js
DevOps Engineer,DevOps Engineer Python SQL Machine Learning AWS React Java Node.js
Python Developer,Python Developer Python SQL Machine Learning AWS React Java Node.js
DevOps Engineer,DevOps Engineer Python SQL Machine Learning AWS React Java Node.js
Frontend Developer,Frontend Developer Python SQL Machine Learning AWS React Java Node.js
Java Engineer,Java Engineer Python SQL Machine Learning AWS React Java Node.js
Java Engineer,Java Engineer Python SQL Machine Learning AWS React Java Node.js
DevOps Engineer,DevOps Engineer Python SQL Machine Learning AWS React Java Node.js
Frontend Developer,Frontend Developer Python SQL Machine Learning AWS React Java Node.js
Java Engineer,Java Engineer Python SQL Machine Learning AWS React Java Node.js
Java Engineer,Java Engineer Python SQL Machine Learning AWS React Java Node.js
Python Developer,Python Developer Python SQL Machine Learning AWS React Java Node.js
Frontend Developer,Frontend Developer Python SQL Machine Learning AWS React Java Node.js
DevOps Engineer,DevOps Engineer Python SQL Machine Learning AWS React Java Node.js
Frontend Developer,Frontend Developer Python SQL Machine Learning AWS React Java Node.js
Frontend Developer,Frontend Developer Python SQL Machine Learning AWS React Java Node.js
Data Scientist,Data Scientist Python SQL Machine Learning AWS React Java Node.js
DevOps Engineer,DevOps Engineer Python SQL Machine Learning AWS React Java Node.js
Java Engineer,Java Engineer Python SQL Machine Learning AWS React Java Node.js
Frontend Developer,Frontend Developer Python SQL Machine Learning AWS React Java Node.js
Data Scientist,Data Scientist Python SQL Machine Learning AWS React Java Node.js
Data Scientist,Data Scientist Python SQL Machine Learning AWS React Java Node.js
Frontend Developer,Frontend Developer Python SQL Machine Learning AWS React Java Node.js
Python Developer,Python Developer Python SQL Machine Learning AWS React Java Node.js
Frontend Developer,Frontend Developer Python SQL Machine Learning AWS React Java Node.js
Python Developer,Python Developer Python SQL Machine Learning AWS React Java Node.js
Java Engineer,Java Engineer Python SQL Machine Learning AWS React Java Node.js
Java Engineer,Java Engineer Python SQL Machine Learning AWS React Java Node.js
Frontend Developer,Frontend Developer Python SQL Machine Learning AWS React Java Node.js
DevOps Engineer,DevOps Engineer Python SQL Machine Learning AWS React Java Node.js
Frontend Developer,Frontend Developer Python SQL Machine Learning AWS React Java Node.js
DevOps Engineer,DevOps Engineer Python SQL Machine Learning AWS React Java Node.js
Data Scientist,Data Scientist Python SQL Machine Learning AWS React Java Node.js
Data Scientist,Data Scientist Python SQL Machine Learning AWS React Java Node.js
Data Scientist,Data Scientist Python SQL Machine Learning AWS React Java Node.js
Java Engineer,Java Engineer Python SQL Machine Learning AWS React Java Node.js
Frontend Developer,Frontend Developer Python SQL Machine Learning AWS React Java Node.js
Frontend Developer,Frontend Developer Python SQL Machine Learning AWS React Java Node.js
Java Engineer,Java Engineer Python SQL Machine Learning AWS React Java Node.js
Frontend Developer,Frontend Developer Python SQL Machine Learning AWS React Java Node.js
Frontend Developer,Frontend Developer Python SQL Machine Learning AWS React Java Node.js
Data Scientist,Data Scientist Python SQL Machine Learning AWS React Java Node.js
DevOps Engineer,DevOps Engineer Python SQL Machine Learning AWS React Java Node.js
Data Scientist,Data Scientist Python SQL Machine Learning AWS React Java Node.js
Frontend Developer,Frontend Developer Python SQL Machine Learning AWS React Java Node.js
Java Engineer,Java Engineer Python SQL Machine Learning AWS React Java Node.js
DevOps Engineer,DevOps Engineer Python SQL Machine Learning AWS React Java Node.js
Python Developer,Python Developer Python SQL Machine Learning AWS React Java Node.js
Java Engineer,Java Engineer Python SQL Machine Learning AWS React Java Node.js
Python Developer,Python Developer Python SQL Machine Learning AWS React Java Node.js
Python Developer,Python Developer Python SQL Machine Learning AWS React Java Node.js
Java Engineer,Java Engineer Python SQL Machine Learning AWS React Java Node.js
Frontend Developer,Frontend Developer Python SQL Machine Learning AWS React Java Node.js
DevOps Engineer,DevOps Engineer Python SQL Machine Learning AWS React Java Node.js
Data Scientist,Data Scientist Python SQL Machine Learning AWS React Java Node.js
Python Developer,Python Developer Python SQL Machine Learning AWS React Java Node.js
Frontend Developer,Frontend Developer Python SQL Machine Learning AWS React Java Node.js
Java Engineer,Java Engineer Python SQL Machine Learning AWS React Java Node.js
Data Scientist,Data Scientist Python SQL Machine Learning AWS React Java Node.js
DevOps Engineer,DevOps Engineer Python SQL Machine Learning AWS React Java Node.js
Java Engineer,Java Engineer Python SQL Machine Learning AWS React Java Node.js
Data Scientist,Data Scientist Python SQL Machine Learning AWS React Java Node.js
Python Developer,Python Developer Python SQL Machine Learning AWS React Java Node.js
Frontend Developer,Frontend Developer Python SQL Machine Learning AWS React Java Node.js
Python Developer,Python Developer Python SQL Machine Learning AWS React Java Node.js
Frontend Developer,Frontend Developer Python SQL Machine Learning AWS React Java Node.js
Data Scientist,Data Scientist Python SQL Machine Learning AWS React Java Node.js
Data Scientist,Data Scientist Python SQL Machine Learning AWS React Java Node.js
Python Developer,Python Developer Python SQL Machine Learning AWS React Java Node.js
Data Scientist,Data Scientist Python SQL Machine Learning AWS React Java Node.js
Data Scientist,Data Scientist Python SQL Machine Learning AWS React Java Node.js
Python Developer,Python Developer Python SQL Machine Learning AWS React Java Node.js
Java Engineer,Java Engineer Python SQL Machine Learning AWS React Java Node.js
Python Developer,Python Developer Python SQL Machine Learning AWS React Java Node.js
Frontend Developer,Frontend Developer Python SQL Machine Learning AWS React Java Node.js
Frontend Developer,Frontend Developer Python SQL Machine Learning AWS React Java Node.js
Data Scientist,Data Scientist Python SQL Machine Learning AWS React Java Node.js
Data Scientist,Data Scientist Python SQL Machine Learning AWS React Java Node.js
DevOps Engineer,DevOps Engineer Python SQL Machine Learning AWS React Java Node.js
Python Developer,Python Developer Python SQL Machine Learning AWS React Java Node.js
Java Engineer,Java Engineer Python SQL Machine Learning AWS React Java Node.js
DevOps Engineer,DevOps Engineer Python SQL Machine Learning AWS React Java Node.js
Frontend Developer,Frontend Developer Python SQL Machine Learning AWS React Java Node.js
Java Engineer,Java Engineer Python SQL Machine Learning AWS React Java Node.js
Data Scientist,Data Scientist Python SQL Machine Learning AWS React Java Node.js
Java Engineer,Java Engineer Python SQL Machine Learning AWS React Java Node.js
Data Scientist,Data Scientist Python SQL Machine Learning AWS React Java Node.js
Python Developer,Python Developer Python SQL Machine Learning AWS React Java Node.js
DevOps Engineer,DevOps Engineer Python SQL Machine Learning AWS React Java Node.js
Java Engineer,Java Engineer Python SQL Machine Learning AWS React Java Node.js
DevOps Engineer,DevOps Engineer Python SQL Machine Learning AWS React Java Node.js
Java Engineer,Java Engineer Python SQL Machine Learning AWS React Java Node.js
Data Scientist,Data Scientist Python SQL Machine Learning AWS React Java Node.js
Data Scientist,Data Scientist Python SQL Machine Learning AWS React Java Node.js
Python Developer,Python Developer Python SQL Machine Learning AWS React Java Node.js
Java Engineer,Java Engineer Python SQL Machine Learning AWS React Java Node.js
Frontend Developer,Frontend Developer Python SQL Machine Learning AWS React Java Node.js
Python Developer,Python Developer Python SQL Machine Learning AWS React Java Node.js
DevOps Engineer,DevOps Engineer Python SQL Machine Learning AWS React Java Node.js
DevOps Engineer,DevOps Engineer Python SQL Machine Learning AWS React Java Node.js
Data Scientist,Data Scientist Python SQL Machine Learning AWS React Java Node.js
Python Developer,Python Developer Python SQL Machine Learning AWS React Java Node.js
Frontend Developer,Frontend Developer Python SQL Machine Learning AWS React Java Node.js
Python Developer,Python Developer Python SQL Machine Learning AWS React Java Node.js
Java Engineer,Java Engineer Python SQL Machine Learning AWS React Java Node.js
Java Engineer,Java Engineer Python SQL Machine Learning AWS React Java Node.js
Java Engineer,Java Engineer Python SQL Machine Learning AWS React Java Node.js
DevOps Engineer,DevOps Engineer Python SQL Machine Learning AWS React Java Node.js
Data Scientist,Data Scientist Python SQL Machine Learning AWS React Java Node.js
DevOps Engineer,DevOps Engineer Python SQL Machine Learning AWS React Java Node.js
Data Scientist,Data Scientist Python SQL Machine Learning AWS React Java Node.js
Frontend Developer,Frontend Developer Python SQL Machine Learning AWS React Java Node.js
Frontend Developer,Frontend Developer Python SQL Machine Learning AWS React Java Node.js
Java Engineer,Java Engineer Python SQL Machine Learning AWS React Java Node.js
DevOps Engineer,DevOps Engineer Python SQL Machine Learning AWS React Java Node.js
Frontend Developer,Frontend Developer Python SQL Machine Learning AWS React Java Node.js
Data Scientist,Data Scientist Python SQL Machine Learning AWS React Java Node.js
DevOps Engineer,DevOps Engineer Python SQL Machine Learning AWS React Java Node.js
Frontend Developer,Frontend Developer Python SQL Machine Learning AWS React Java Node.js
Frontend Developer,Frontend Developer Python SQL Machine Learning AWS React Java Node.js
Python Developer,Python Developer Python SQL Machine Learning AWS React Java Node.js
Frontend Developer,Frontend Developer Python SQL Machine Learning AWS React Java Node.js
Data Scientist,Data Scientist Python SQL Machine Learning AWS React Java Node.js
Frontend Developer,Frontend Developer Python SQL Machine Learning AWS React Java Node.js
Java Engineer,Java Engineer Python SQL Machine Learning AWS React Java Node.js
Frontend Developer,Frontend Developer Python SQL Machine Learning AWS React Java Node.js
Data Scientist,Data Scientist Python SQL Machine Learning AWS React Java Node.js
Java Engineer,Java Engineer Python SQL Machine Learning AWS React Java Node.js
Data Scientist,Data Scientist Python SQL Machine Learning AWS React Java Node.js
Java Engineer,Java Engineer Python SQL Machine Learning AWS React Java Node.js
Data Scientist,Data Scientist Python SQL Machine Learning AWS React Java Node.js
Data Scientist,Data Scientist Python SQL Machine Learning AWS React Java Node.js
Frontend Developer,Frontend Developer Python SQL Machine Learning AWS React Java Node.js
Java Engineer,Java Engineer Python SQL Machine Learning AWS React Java Node.js
Data Scientist,Data Scientist Python SQL Machine Learning AWS React Java Node.js
Data Scientist,Data Scientist Python SQL Machine Learning AWS React Java Node.js
Python Developer,Python Developer Python SQL Machine Learning AWS React Java Node.js
Data Scientist,Data Scientist Python SQL Machine Learning AWS React Java Node.js
Frontend Developer,Frontend Developer Python SQL Machine Learning AWS React Java Node.js
Data Scientist,Data Scientist Python SQL Machine Learning AWS React Java Node.js
DevOps Engineer,DevOps Engineer Python SQL Machine Learning AWS React Java Node.js
DevOps Engineer,DevOps Engineer Python SQL Machine Learning AWS React Java Node.js
Java Engineer,Java Engineer Python SQL Machine Learning AWS React Java Node.js
DevOps Engineer,DevOps Engineer Python SQL Machine Learning AWS React Java Node.js
Java Engineer,Java Engineer Python SQL Machine Learning AWS React Java Node.js
Frontend Developer,Frontend Developer Python SQL Machine Learning AWS React Java Node.js
Data Scientist,Data Scientist Python SQL Machine Learning AWS React Java Node.js
DevOps Engineer,DevOps Engineer Python SQL Machine Learning AWS React Java Node.js
Data Scientist,Data Scientist Python SQL Machine Learning AWS React Java Node.js
DevOps Engineer,DevOps Engineer Python SQL Machine Learning AWS React Java Node.js
Data Scientist,Data Scientist Python SQL Machine Learning AWS React Java Node.js
Python Developer,Python Developer Python SQL Machine Learning AWS React Java Node.js
DevOps Engineer,DevOps Engineer Python SQL Machine Learning AWS React Java Node.js
Java Engineer,Java Engineer Python SQL Machine Learning AWS React Java Node.js
Python Developer,Python Developer Python SQL Machine Learning AWS React Java Node.js
Python Developer,Python Developer Python SQL Machine Learning AWS React Java Node.js
Python Developer,Python Developer Python SQL Machine Learning AWS React Java Node.js
Frontend Developer,Frontend Developer Python SQL Machine Learning AWS React Java Node.js
Frontend Developer,Frontend Developer Python SQL Machine Learning AWS React Java Node.js
Python Developer,Python Developer Python SQL Machine Learning AWS React Java Node.js
Data Scientist,Data Scientist Python SQL Machine Learning AWS React Java Node.js
Python Developer,Python Developer Python SQL Machine Learning AWS React Java Node.js
DevOps Engineer,DevOps Engineer Python SQL Machine Learning AWS React Java Node.js
Java Engineer,Java Engineer Python SQL Machine Learning AWS React Java Node.js
Data Scientist,Data Scientist Python SQL Machine Learning AWS React Java Node.js
Python Developer,Python Developer Python SQL Machine Learning AWS React Java Node.js
Python Developer,Python Developer Python SQL Machine Learning AWS React Java Node.js
Java Engineer,Java Engineer Python SQL Machine Learning AWS React Java Node.js
Java Engineer,Java Engineer Python SQL Machine Learning AWS React Java Node.js
Python Developer,Python Developer Python SQL Machine Learning AWS React Java Node.js
Data Scientist,Data Scientist Python SQL Machine Learning AWS React Java Node.js
Java Engineer,Java Engineer Python SQL Machine Learning AWS React Java Node.js
DevOps Engineer,DevOps Engineer Python SQL Machine Learning AWS React Java Node.js
DevOps Engineer,DevOps Engineer Python SQL Machine Learning AWS React Java Node.js
DevOps Engineer,DevOps Engineer Python SQL Machine Learning AWS React Java Node.js
DevOps Engineer,DevOps Engineer Python SQL Machine Learning AWS React Java Node.js
Frontend Developer,Frontend Developer Python SQL Machine Learning AWS React Java Node.js
Java Engineer,Java Engineer Python SQL Machine Learning AWS React Java Node.js
Frontend Developer,Frontend Developer Python SQL Machine Learning AWS React Java Node.js
Java Engineer,Java Engineer Python SQL Machine Learning AWS React Java Node.js
Frontend Developer,Frontend Developer Python SQL Machine Learning AWS React Java Node.js
Python Developer,Python Developer Python SQL Machine Learning AWS React Java Node.js
Frontend Developer,Frontend Developer Python SQL Machine Learning AWS React Java Node.js
Data Scientist,Data Scientist Python SQL Machine Learning AWS React Java Node.js
DevOps Engineer,DevOps Engineer Python SQL Machine Learning AWS React Java Node.js
DevOps Engineer,DevOps Engineer Python SQL Machine Learning AWS React Java Node.js
Python Developer,Python Developer Python SQL Machine Learning AWS React Java Node.js
Data Scientist,Data Scientist Python SQL Machine Learning AWS React Java Node.js
Frontend Developer,Frontend Developer Python SQL Machine Learning AWS React Java Node.js
Python Developer,Python Developer Python SQL Machine Learning AWS React Java Node.js
Python Developer,Python Developer Python SQL Machine Learning AWS React Java Node.js
Data Scientist,Data Scientist Python SQL Machine Learning AWS React Java Node.js
Java Engineer,Java Engineer Python SQL Machine Learning AWS React Java Node.js
Java Engineer,Java Engineer Python SQL Machine Learning AWS React Java Node.js
Python Developer,Python Developer Python SQL Machine Learning AWS React Java Node.js
DevOps Engineer,DevOps Engineer Python SQL Machine Learning AWS React Java Node.js
Data Scientist,Data Scientist Python SQL Machine Learning AWS React Java Node.js
Java Engineer,Java Engineer Python SQL Machine Learning AWS React Java Node.js
Python Developer,Python Developer Python SQL Machine Learning AWS React Java Node.js
DevOps Engineer,DevOps Engineer Python SQL Machine Learning AWS React Java Node.js
Python Developer,Python Developer Python SQL Machine Learning AWS React Java Node.js
DevOps Engineer,DevOps Engineer Python SQL Machine Learning AWS React Java Node.js
Python Developer,Python Developer Python SQL Machine Learning AWS React Java Node.js
Python Developer,Python Developer Python SQL Machine Learning AWS React Java Node.js
Java Engineer,Java Engineer Python SQL Machine Learning AWS React Java Node.js
Frontend Developer,Frontend Developer Python SQL Machine Learning AWS React Java Node.js
Data Scientist,Data Scientist Python SQL Machine Learning AWS React Java Node.js
Java Engineer,Java Engineer Python SQL Machine Learning AWS React Java Node.js
Frontend Developer,Frontend Developer Python SQL Machine Learning AWS React Java Node.js
Python Developer,Python Developer Python SQL Machine Learning AWS React Java Node.js
Python Developer,Python Developer Python SQL Machine Learning AWS React Java Node.js
Frontend Developer,Frontend Developer Python SQL Machine Learning AWS React Java Node.js
Java Engineer,Java Engineer Python SQL Machine Learning AWS React Java Node.js
DevOps Engineer,DevOps Engineer Python SQL Machine Learning AWS React Java Node.js
Frontend Developer,Frontend Developer Python SQL Machine Learning AWS React Java Node.js
Python Developer,Python Developer Python SQL Machine Learning AWS React Java Node.js
Data Scientist,Data Scientist Python SQL Machine Learning AWS React Java Node.js
Data Scientist,Data Scientist Python SQL Machine Learning AWS React Java Node.js
DevOps Engineer,DevOps Engineer Python SQL Machine Learning AWS React Java Node.js
Java Engineer,Java Engineer Python SQL Machine Learning AWS React Java Node.js
Python Developer,Python Developer Python SQL Machine Learning AWS React Java Node.js
Java Engineer,Java Engineer Python SQL Machine Learning AWS React Java Node.js
DevOps Engineer,DevOps Engineer Python SQL Machine Learning AWS React Java Node.js
Data Scientist,Data Scientist Python SQL Machine Learning AWS React Java Node.js
Data Scientist,Data Scientist Python SQL Machine Learning AWS React Java Node.js
DevOps Engineer,DevOps Engineer Python SQL Machine Learning AWS React Java Node.js
Data Scientist,Data Scientist Python SQL Machine Learning AWS React Java Node.js
Data Scientist,Data Scientist Python SQL Machine Learning AWS React Java Node.js
Java Engineer,Java Engineer Python SQL Machine Learning AWS React Java Node.js
Java Engineer,Java Engineer Python SQL Machine Learning AWS React Java Node.js
Frontend Developer,Frontend Developer Python SQL Machine Learning AWS React Java Node.js
Data Scientist,Data Scientist Python SQL Machine Learning AWS React Java Node.js
DevOps Engineer,DevOps Engineer Python SQL Machine Learning AWS React Java Node.js
Frontend Developer,Frontend Developer Python SQL Machine Learning AWS React Java Node.js
Python Developer,Python Developer Python SQL Machine Learning AWS React Java Node.js
Python Developer,Python Developer Python SQL Machine Learning AWS React Java Node.js
DevOps Engineer,DevOps Engineer Python SQL Machine Learning AWS React Java Node.js
DevOps Engineer,DevOps Engineer Python SQL Machine Learning AWS React Java Node.js
DevOps Engineer,DevOps Engineer Python SQL Machine Learning AWS React Java Node.js
Frontend Developer,Frontend Developer Python SQL Machine Learning AWS React Java Node.js
Data Scientist,Data Scientist Python SQL Machine Learning AWS React Java Node.js
DevOps Engineer,DevOps Engineer Python SQL Machine Learning AWS React Java Node.js
Java Engineer,Java Engineer Python SQL Machine Learning AWS React Java Node.js
Python Developer,Python Developer Python SQL Machine Learning AWS React Java Node.js
DevOps Engineer,DevOps Engineer Python SQL Machine Learning AWS React Java Node.js
Data Scientist,Data Scientist Python SQL Machine Learning AWS React Java Node.js
Java Engineer,Java Engineer Python SQL Machine Learning AWS React Java Node.js
Java Engineer,Java Engineer Python SQL Machine Learning AWS React Java Node.js
DevOps Engineer,DevOps Engineer Python SQL Machine Learning AWS React Java Node.js
Data Scientist,Data Scientist Python SQL Machine Learning AWS React Java Node.js
Java Engineer,Java Engineer Python SQL Machine Learning AWS React Java Node.js
Frontend Developer,Frontend Developer Python SQL Machine Learning AWS React Java Node.js
Python Developer,Python Developer Python SQL Machine Learning AWS React Java Node.js
Python Developer,Python Developer Python SQL Machine Learning AWS React Java Node.js
Data Scientist,Data Scientist Python SQL Machine Learning AWS React Java Node.js
Data Scientist,Data Scientist Python SQL Machine Learning AWS React Java Node.js
DevOps Engineer,DevOps Engineer Python SQL Machine Learning AWS React Java Node.js
Python Developer,Python Developer Python SQL Machine Learning AWS React Java Node.js
Data Scientist,Data Scientist Python SQL Machine Learning AWS React Java Node.js
Frontend Developer,Frontend Developer Python SQL Machine Learning AWS React Java Node.js
Python Developer,Python Developer Python SQL Machine Learning AWS React Java Node.js
Java Engineer,Java Engineer Python SQL Machine Learning AWS React Java Node.js
DevOps Engineer,DevOps Engineer Python SQL Machine Learning AWS React Java Node.js
DevOps Engineer,DevOps Engineer Python SQL Machine Learning AWS React Java Node.js
Frontend Developer,Frontend Developer Python SQL Machine Learning AWS React Java Node.js
Python Developer,Python Developer Python SQL Machine Learning AWS React Java Node.js
Java Engineer,Java Engineer Python SQL Machine Learning AWS React Java Node.js
DevOps Engineer,DevOps Engineer Python SQL Machine Learning AWS React Java Node.js
Frontend Developer,Frontend Developer Python SQL Machine Learning AWS React Java Node.js
Python Developer,Python Developer Python SQL Machine Learning AWS React Java Node.js
DevOps Engineer,DevOps Engineer Python SQL Machine Learning AWS React Java Node.js
Python Developer,Python Developer Python SQL Machine Learning AWS React Java Node.js
Frontend Developer,Frontend Developer Python SQL Machine Learning AWS React Java Node.js
Frontend Developer,Frontend Developer Python SQL Machine Learning AWS React Java Node.js
Java Engineer,Java Engineer Python SQL Machine Learning AWS React Java Node.js
DevOps Engineer,DevOps Engineer Python SQL Machine Learning AWS React Java Node.js
Java Engineer,Java Engineer Python SQL Machine Learning AWS React Java Node.js
Data Scientist,Data Scientist Python SQL Machine Learning AWS React Java Node.js
Java Engineer,Java Engineer Python SQL Machine Learning AWS React Java Node.js
Data Scientist,Data Scientist Python SQL Machine Learning AWS React Java Node.js
DevOps Engineer,DevOps Engineer Python SQL Machine Learning AWS React Java Node.js
Data Scientist,Data Scientist Python SQL Machine Learning AWS React Java Node.js
Python Developer,Python Developer Python SQL Machine Learning AWS React Java Node.js
Python Developer,Python Developer Python SQL Machine Learning AWS React Java Node.js
Java Engineer,Java Engineer Python SQL Machine Learning AWS React Java Node.js
Frontend Developer,Frontend Developer Python SQL Machine Learning AWS React Java Node.js
Java Engineer,Java Engineer Python SQL Machine Learning AWS React Java Node.js
Data Scientist,Data Scientist Python SQL Machine Learning AWS React Java Node.js
Frontend Developer,Frontend Developer Python SQL Machine Learning AWS React Java Node.js
Java Engineer,Java Engineer Python SQL Machine Learning AWS React Java Node.js
Python Developer,Python Developer Python SQL Machine Learning AWS React Java Node.js
Data Scientist,Data Scientist Python SQL Machine Learning AWS React Java Node.js
DevOps Engineer,DevOps Engineer Python SQL Machine Learning AWS React Java Node.js
Frontend Developer,Frontend Developer Python SQL Machine Learning AWS React Java Node.js
Data Scientist,Data Scientist Python SQL Machine Learning AWS React Java Node.js
Data Scientist,Data Scientist Python SQL Machine Learning AWS React Java Node.js
Data Scientist,Data Scientist Python SQL Machine Learning AWS React Java Node.js
Python Developer,Python Developer Python SQL Machine Learning AWS React Java Node.js
DevOps Engineer,DevOps Engineer Python SQL Machine Learning AWS React Java Node.js
Python Developer,Python Developer Python SQL Machine Learning AWS React Java Node.js
Java Engineer,Java Engineer Python SQL Machine Learning AWS React Java Node.js
Data Scientist,Data Scientist Python SQL Machine Learning AWS React Java Node.js
DevOps Engineer,DevOps Engineer Python SQL Machine Learning AWS React Java Node.js
Python Developer,Python Developer Python SQL Machine Learning AWS React Java Node.js
Java Engineer,Java Engineer Python SQL Machine Learning AWS React Java Node.js
Data Scientist,Data Scientist Python SQL Machine Learning AWS React Java Node.js
Data Scientist,Data Scientist Python SQL Machine Learning AWS React Java Node.js
DevOps Engineer,DevOps Engineer Python SQL Machine Learning AWS React Java Node.js
Frontend Developer,Frontend Developer Python SQL Machine Learning AWS React Java Node.js
Java Engineer,Java Engineer Python SQL Machine Learning AWS React Java Node.js
Python Developer,Python Developer Python SQL Machine Learning AWS React Java Node.js
Python Developer,Python Developer Python SQL Machine Learning AWS React Java Node.js
Frontend Developer,Frontend Developer Python SQL Machine Learning AWS React Java Node.js
Python Developer,Python Developer Python SQL Machine Learning AWS React Java Node.js
Python Developer,Python Developer Python SQL Machine Learning AWS React Java Node.js
Python Developer,Python Developer Python SQL Machine Learning AWS React Java Node.js
Python Developer,Python Developer Python SQL Machine Learning AWS React Java Node.js
Java Engineer,Java Engineer Python SQL Machine Learning AWS React Java Node.js
Frontend Developer,Frontend Developer Python SQL Machine Learning AWS React Java Node.js
Frontend Developer,Frontend Developer Python SQL Machine Learning AWS React Java Node.js
Data Scientist,Data Scientist Python SQL Machine Learning AWS React Java Node.js
Python Developer,Python Developer Python SQL Machine Learning AWS React Java Node.js
Frontend Developer,Frontend Developer Python SQL Machine Learning AWS React Java Node.js
Frontend Developer,Frontend Developer Python SQL Machine Learning AWS React Java Node.js
Frontend Developer,Frontend Developer Python SQL Machine Learning AWS React Java Node.js
Java Engineer,Java Engineer Python SQL Machine Learning AWS React Java Node.js
DevOps Engineer,DevOps Engineer Python SQL Machine Learning AWS React Java Node.js
Java Engineer,Java Engineer Python SQL Machine Learning AWS React Java Node.js
Java Engineer,Java Engineer Python SQL Machine Learning AWS React Java Node.js
Java Engineer,Java Engineer Python SQL Machine Learning AWS React Java Node.js
Data Scientist,Data Scientist Python SQL Machine Learning AWS React Java Node.js
DevOps Engineer,DevOps Engineer Python SQL Machine Learning AWS React Java Node.js
Python Developer,Python Developer Python SQL Machine Learning AWS React Java Node.js
Python Developer,Python Developer Python SQL Machine Learning AWS React Java Node.js
Frontend Developer,Frontend Developer Python SQL Machine Learning AWS React Java Node.js
Frontend Developer,Frontend Developer Python SQL Machine Learning AWS React Java Node.js
Frontend Developer,Frontend Developer Python SQL Machine Learning AWS React Java Node.js
Frontend Developer,Frontend Developer Python SQL Machine Learning AWS React Java Node.js
Data Scientist,Data Scientist Python SQL Machine Learning AWS React Java Node.js
DevOps Engineer,DevOps Engineer Python SQL Machine Learning AWS React Java Node.js
DevOps Engineer,DevOps Engineer Python SQL Machine Learning AWS React Java Node.js
Python Developer,Python Developer Python SQL Machine Learning AWS React Java Node.js
Frontend Developer,Frontend Developer Python SQL Machine Learning AWS React Java Node.js
DevOps Engineer,DevOps Engineer Python SQL Machine Learning AWS React Java Node.js
Frontend Developer,Frontend Developer Python SQL Machine Learning AWS React Java Node.js
Frontend Developer,Frontend Developer Python SQL Machine Learning AWS React Java Node.js
Java Engineer,Java Engineer Python SQL Machine Learning AWS React Java Node.js
Java Engineer,Java Engineer Python SQL Machine Learning AWS React Java Node.js
Frontend Developer,Frontend Developer Python SQL Machine Learning AWS React Java Node.js
Python Developer,Python Developer Python SQL Machine Learning AWS React Java Node.js
DevOps Engineer,DevOps Engineer Python SQL Machine Learning AWS React Java Node.js
Python Developer,Python Developer Python SQL Machine Learning AWS React Java Node.js
Frontend Developer,Frontend Developer Python SQL Machine Learning AWS React Java Node.js
DevOps Engineer,DevOps Engineer Python SQL Machine Learning AWS React Java Node.js
DevOps Engineer,DevOps Engineer Python SQL Machine Learning AWS React Java Node.js
Data Scientist,Data Scientist Python SQL Machine Learning AWS React Java Node.js
Python Developer,Python Developer Python SQL Machine Learning AWS React Java Node.js
Data Scientist,Data Scientist Python SQL Machine Learning AWS React Java Node.js
Frontend Developer,Frontend Developer Python SQL Machine Learning AWS React Java Node.js
DevOps Engineer,DevOps Engineer Python SQL Machine Learning AWS React Java Node.js
Data Scientist,Data Scientist Python SQL Machine Learning AWS React Java Node.js
Python Developer,Python Developer Python SQL Machine Learning AWS React Java Node.js
Data Scientist,Data Scientist Python SQL Machine Learning AWS React Java Node.js
Java Engineer,Java Engineer Python SQL Machine Learning AWS React Java Node.js
Python Developer,Python Developer Python SQL Machine Learning AWS React Java Node.js
Java Engineer,Java Engineer Python SQL Machine Learning AWS React Java Node.js
Frontend Developer,Frontend Developer Python SQL Machine Learning AWS React Java Node.js
Python Developer,Python Developer Python SQL Machine Learning AWS React Java Node.js
Java Engineer,Java Engineer Python SQL Machine Learning AWS React Java Node.js
Python Developer,Python Developer Python SQL Machine Learning AWS React Java Node.js
DevOps Engineer,DevOps Engineer Python SQL Machine Learning AWS React Java Node.js
Data Scientist,Data Scientist Python SQL Machine Learning AWS React Java Node.js
DevOps Engineer,DevOps Engineer Python SQL Machine Learning AWS React Java Node.js
Frontend Developer,Frontend Developer Python SQL Machine Learning AWS React Java Node.js
Java Engineer,Java Engineer Python SQL Machine Learning AWS React Java Node.js
Python Developer,Python Developer Python SQL Machine Learning AWS React Java Node.js
Java Engineer,Java Engineer Python SQL Machine Learning AWS React Java Node.js
Data Scientist,Data Scientist Python SQL Machine Learning AWS React Java Node.js
Java Engineer,Java Engineer Python SQL Machine Learning AWS React Java Node.js
Frontend Developer,Frontend Developer Python SQL Machine Learning AWS React Java Node.js
Python Developer,Python Developer Python SQL Machine Learning AWS React Java Node.js
DevOps Engineer,DevOps Engineer Python SQL Machine Learning AWS React Java Node.js
DevOps Engineer,DevOps Engineer Python SQL Machine Learning AWS React Java Node.js
Python Developer,Python Developer Python SQL Machine Learning AWS React Java Node.js
Java Engineer,Java Engineer Python SQL Machine Learning AWS React Java Node.js
DevOps Engineer,DevOps Engineer Python SQL Machine Learning AWS React Java Node.js
Frontend Developer,Frontend Developer Python SQL Machine Learning AWS React Java Node.js
DevOps Engineer,DevOps Engineer Python SQL Machine Learning AWS React Java Node.js
Frontend Developer,Frontend Developer Python SQL Machine Learning AWS React Java Node.js
Frontend Developer,Frontend Developer Python SQL Machine Learning AWS React Java Node.js
Python Developer,Python Developer Python SQL Machine Learning AWS React Java Node.js
Java Engineer,Java Engineer Python SQL Machine Learning AWS React Java Node.js
DevOps Engineer,DevOps Engineer Python SQL Machine Learning AWS React Java Node.js
Frontend Developer,Frontend Developer Python SQL Machine Learning AWS React Java Node.js
Data Scientist,Data Scientist Python SQL Machine Learning AWS React Java Node.js
DevOps Engineer,DevOps Engineer Python SQL Machine Learning AWS React Java Node.js
Java Engineer,Java Engineer Python SQL Machine Learning AWS React Java Node.js
Java Engineer,Java Engineer Python SQL Machine Learning AWS React Java Node.js
Frontend Developer,Frontend Developer Python SQL Machine Learning AWS React Java Node.js
Data Scientist,Data Scientist Python SQL Machine Learning AWS React Java Node.js
DevOps Engineer,DevOps Engineer Python SQL Machine Learning AWS React Java Node.js
DevOps Engineer,DevOps Engineer Python SQL Machine Learning AWS React Java Node.js
Data Scientist,Data Scientist Python SQL Machine Learning AWS React Java Node.js
Java Engineer,Java Engineer Python SQL Machine Learning AWS React Java Node.js
DevOps Engineer,DevOps Engineer Python SQL Machine Learning AWS React Java Node.js
Java Engineer,Java Engineer Python SQL Machine Learning AWS React Java Node.js
DevOps Engineer,DevOps Engineer Python SQL Machine Learning AWS React Java Node.js
Python Developer,Python Developer Python SQL Machine Learning AWS React Java Node.js
Python Developer,Python Developer Python SQL Machine Learning AWS React Java Node.js
Python Developer,Python Developer Python SQL Machine Learning AWS React Java Node.js
Python Developer,Python Developer Python SQL Machine Learning AWS React Java Node.js
Python Developer,Python Developer Python SQL Machine Learning AWS React Java Node.js
Java Engineer,Java Engineer Python SQL Machine Learning AWS React Java Node.js
Python Developer,Python Developer Python SQL Machine Learning AWS React Java Node.js
Frontend Developer,Frontend Developer Python SQL Machine Learning AWS React Java Node.js
Data Scientist,Data Scientist Python SQL Machine Learning AWS React Java Node.js
Java Engineer,Java Engineer Python SQL Machine Learning AWS React Java Node.js
DevOps Engineer,DevOps Engineer Python SQL Machine Learning AWS React Java Node.js
DevOps Engineer,DevOps Engineer Python SQL Machine Learning AWS React Java Node.js
Data Scientist,Data Scientist Python SQL Machine Learning AWS React Java Node.js
DevOps Engineer,DevOps Engineer Python SQL Machine Learning AWS React Java Node.js
DevOps Engineer,DevOps Engineer Python SQL Machine Learning AWS React Java Node.js
DevOps Engineer,DevOps Engineer Python SQL Machine Learning AWS React Java Node.js
Data Scientist,Data Scientist Python SQL Machine Learning AWS React Java Node.js
Python Developer,Python Developer Python SQL Machine Learning AWS React Java Node.js
DevOps Engineer,DevOps Engineer Python SQL Machine Learning AWS React Java Node.js
Frontend Developer,Frontend Developer Python SQL Machine Learning AWS React Java Node.js
Python Developer,Python Developer Python SQL Machine Learning AWS React Java Node.js
Python Developer,Python Developer Python SQL Machine Learning AWS React Java Node.js
Python Developer,Python Developer Python SQL Machine Learning AWS React Java Node.js
Java Engineer,Java Engineer Python SQL Machine Learning AWS React Java Node.js
Frontend Developer,Frontend Developer Python SQL Machine Learning AWS React Java Node.js
DevOps Engineer,DevOps Engineer Python SQL Machine Learning AWS React Java Node.js
Java Engineer,Java Engineer Python SQL Machine Learning AWS React Java Node.js
Java Engineer,Java Engineer Python SQL Machine Learning AWS React Java Node.js
Python Developer,Python Developer Python SQL Machine Learning AWS React Java Node.js
Frontend Developer,Frontend Developer Python SQL Machine Learning AWS React Java Node.js
Data Scientist,Data Scientist Python SQL Machine Learning AWS React Java Node.js
Frontend Developer,Frontend Developer Python SQL Machine Learning AWS React Java Node.js
Frontend Developer,Frontend Developer Python SQL Machine Learning AWS React Java Node.js
Python Developer,Python Developer Python SQL Machine Learning AWS React Java Node.js
DevOps Engineer,DevOps Engineer Python SQL Machine Learning AWS React Java Node.js
DevOps Engineer,DevOps Engineer Python SQL Machine Learning AWS React Java Node.js
Data Scientist,Data Scientist Python SQL Machine Learning AWS React Java Node.js
Java Engineer,Java Engineer Python SQL Machine Learning AWS React Java Node.js
Java Engineer,Java Engineer Python SQL Machine Learning AWS React Java Node.js
Python Developer,Python Developer Python SQL Machine Learning AWS React Java Node.js
Frontend Developer,Frontend Developer Python SQL Machine Learning AWS React Java Node.js
DevOps Engineer,DevOps Engineer Python SQL Machine Learning AWS React Java Node.js
DevOps Engineer,DevOps Engineer Python SQL Machine Learning AWS React Java Node.js
Frontend Developer,Frontend Developer Python SQL Machine Learning AWS React Java Node.js
DevOps Engineer,DevOps Engineer Python SQL Machine Learning AWS React Java Node.js
Python Developer,Python Developer Python SQL Machine Learning AWS React Java Node.js
Data Scientist,Data Scientist Python SQL Machine Learning AWS React Java Node.js
Data Scientist,Data Scientist Python SQL Machine Learning AWS React Java Node.js
Data Scientist,Data Scientist Python SQL Machine Learning AWS React Java Node.js
Python Developer,Python Developer Python SQL Machine Learning AWS React Java Node.js
Java Engineer,Java Engineer Python SQL Machine Learning AWS React Java Node.js
Frontend Developer,Frontend Developer Python SQL Machine Learning AWS React Java Node.js
Frontend Developer,Frontend Developer Python SQL Machine Learning AWS React Java Node.js
DevOps Engineer,DevOps Engineer Python SQL Machine Learning AWS React Java Node.js
Python Developer,Python Developer Python SQL Machine Learning AWS React Java Node.js
Frontend Developer,Frontend Developer Python SQL Machine Learning AWS React Java Node.js
Python Developer,Python Developer Python SQL Machine Learning AWS React Java Node.js
Data Scientist,Data Scientist Python SQL Machine Learning AWS React Java Node.js
Python Developer,Python Developer Python SQL Machine Learning AWS React Java Node.js
Data Scientist,Data Scientist Python SQL Machine Learning AWS React Java Node.js
Data Scientist,Data Scientist Python SQL Machine Learning AWS React Java Node.js
Frontend Developer,Frontend Developer Python SQL Machine Learning AWS React Java Node.js
Frontend Developer,Frontend Developer Python SQL Machine Learning AWS React Java Node.js
Data Scientist,Data Scientist Python SQL Machine Learning AWS React Java Node.js
DevOps Engineer,DevOps Engineer Python SQL Machine Learning AWS React Java Node.js
Frontend Developer,Frontend Developer Python SQL Machine Learning AWS React Java Node.js
Java Engineer,Java Engineer Python SQL Machine Learning AWS React Java Node.js
Python Developer,Python Developer Python SQL Machine Learning AWS React Java Node.js
Python Developer,Python Developer Python SQL Machine Learning AWS React Java Node.js
Data Scientist,Data Scientist Python SQL Machine Learning AWS React Java Node.js
Frontend Developer,Frontend Developer Python SQL Machine Learning AWS React Java Node.js
Java Engineer,Java Engineer Python SQL Machine Learning AWS React Java Node.js
Frontend Developer,Frontend Developer Python SQL Machine Learning AWS React Java Node.js
Java Engineer,Java Engineer Python SQL Machine Learning AWS React Java Node.js
Java Engineer,Java Engineer Python SQL Machine Learning AWS React Java Node.js
Python Developer,Python Developer Python SQL Machine Learning AWS React Java Node.js
Frontend Developer,Frontend Developer Python SQL Machine Learning AWS React Java Node.js
Frontend Developer,Frontend Developer Python SQL Machine Learning AWS React Java Node.js
Frontend Developer,Frontend Developer Python SQL Machine Learning AWS React Java Node.js
Java Engineer,Java Engineer Python SQL Machine Learning AWS React Java Node.js
Java Engineer,Java Engineer Python SQL Machine Learning AWS React Java Node.js
Python Developer,Python Developer Python SQL Machine Learning AWS React Java Node.js
Data Scientist,Data Scientist Python SQL Machine Learning AWS React Java Node.js
Data Scientist,Data Scientist Python SQL Machine Learning AWS React Java Node.js
DevOps Engineer,DevOps Engineer Python SQL Machine Learning AWS React Java Node.js
DevOps Engineer,DevOps Engineer Python SQL Machine Learning AWS React Java Node.js
Data Scientist,Data Scientist Python SQL Machine Learning AWS React Java Node.js
Data Scientist,Data Scientist Python SQL Machine Learning AWS React Java Node.js
Frontend Developer,Frontend Developer Python SQL Machine Learning AWS React Java Node.js
Data Scientist,Data Scientist Python SQL Machine Learning AWS React Java Node.js
Data Scientist,Data Scientist Python SQL Machine Learning AWS React Java Node.js
Frontend Developer,Frontend Developer Python SQL Machine Learning AWS React Java Node.js
Java Engineer,Java Engineer Python SQL Machine Learning AWS React Java Node.js
Frontend Developer,Frontend Developer Python SQL Machine Learning AWS React Java Node.js
DevOps Engineer,DevOps Engineer Python SQL Machine Learning AWS React Java Node.js
Data Scientist,Data Scientist Python SQL Machine Learning AWS React Java Node.js
Data Scientist,Data Scientist Python SQL Machine Learning AWS React Java Node.js
Python Developer,Python Developer Python SQL Machine Learning AWS React Java Node.js
Data Scientist,Data Scientist Python SQL Machine Learning AWS React Java Node.js
DevOps Engineer,DevOps Engineer Python SQL Machine Learning AWS React Java Node.js
DevOps Engineer,DevOps Engineer Python SQL Machine Learning AWS React Java Node.js
Data Scientist,Data Scientist Python SQL Machine Learning AWS React Java Node.js
Frontend Developer,Frontend Developer Python SQL Machine Learning AWS React Java Node.js
DevOps Engineer,DevOps Engineer Python SQL Machine Learning AWS React Java Node.js
Java Engineer,Java Engineer Python SQL Machine Learning AWS React Java Node.js
Java Engineer,Java Engineer Python SQL Machine Learning AWS React Java Node.js
Data Scientist,Data Scientist Python SQL Machine Learning AWS React Java Node.js
Python Developer,Python Developer Python SQL Machine Learning AWS React Java Node.js
Data Scientist,Data Scientist Python SQL Machine Learning AWS React Java Node.js
DevOps Engineer,DevOps Engineer Python SQL Machine Learning AWS React Java Node.js
Frontend Developer,Frontend Developer Python SQL Machine Learning AWS React Java Node.js
Python Developer,Python Developer Python SQL Machine Learning AWS React Java Node.js
Python Developer,Python Developer Python SQL Machine Learning AWS React Java Node.js
Python Developer,Python Developer Python SQL Machine Learning AWS React Java Node.js
Java Engineer,Java Engineer Python SQL Machine Learning AWS React Java Node.js
Frontend Developer,Frontend Developer Python SQL Machine Learning AWS React Java Node.js
Java Engineer,Java Engineer Python SQL Machine Learning AWS React Java Node.js
Java Engineer,Java Engineer Python SQL Machine Learning AWS React Java Node.js
Data Scientist,Data Scientist Python SQL Machine Learning AWS React Java Node.js
Data Scientist,Data Scientist Python SQL Machine Learning AWS React Java Node.js
Python Developer,Python Developer Python SQL Machine Learning AWS React Java Node.js
Java Engineer,Java Engineer Python SQL Machine Learning AWS React Java Node.js
Python Developer,Python Developer Python SQL Machine Learning AWS React Java Node.js
Python Developer,Python Developer Python SQL Machine Learning AWS React Java Node.js
Frontend Developer,Frontend Developer Python SQL Machine Learning AWS React Java Node.js
Frontend Developer,Frontend Developer Python SQL Machine Learning AWS React Java Node.js
Java Engineer,Java Engineer Python SQL Machine Learning AWS React Java Node.js
DevOps Engineer,DevOps Engineer Python SQL Machine Learning AWS React Java Node.js
Data Scientist,Data Scientist Python SQL Machine Learning AWS React Java Node.js
Python Developer,Python Developer Python SQL Machine Learning AWS React Java Node.js
Data Scientist,Data Scientist Python SQL Machine Learning AWS React Java Node.js
DevOps Engineer,DevOps Engineer Python SQL Machine Learning AWS React Java Node.js
Data Scientist,Data Scientist Python SQL Machine Learning AWS React Java Node.js
Frontend Developer,Frontend Developer Python SQL Machine Learning AWS React Java Node.js
DevOps Engineer,DevOps Engineer Python SQL Machine Learning AWS React Java Node.js
Java Engineer,Java Engineer Python SQL Machine Learning AWS React Java Node.js
DevOps Engineer,DevOps Engineer Python SQL Machine Learning AWS React Java Node.js
Java Engineer,Java Engineer Python SQL Machine Learning AWS React Java Node.js
Python Developer,Python Developer Python SQL Machine Learning AWS React Java Node.js
Python Developer,Python Developer Python SQL Machine Learning AWS React Java Node.js
Frontend Developer,Frontend Developer Python SQL Machine Learning AWS React Java Node.js
DevOps Engineer,DevOps Engineer Python SQL Machine Learning AWS React Java Node.js
Frontend Developer,Frontend Developer Python SQL Machine Learning AWS React Java Node.js
Frontend Developer,Frontend Developer Python SQL Machine Learning AWS React Java Node.js
Data Scientist,Data Scientist Python SQL Machine Learning AWS React Java Node.js
Java Engineer,Java Engineer Python SQL Machine Learning AWS React Java Node.js
Java Engineer,Java Engineer Python SQL Machine Learning AWS React Java Node.js
Data Scientist,Data Scientist Python SQL Machine Learning AWS React Java Node.js
Python Developer,Python Developer Python SQL Machine Learning AWS React Java Node.js
Frontend Developer,Frontend Developer Python SQL Machine Learning AWS React Java Node.js
Java Engineer,Java Engineer Python SQL Machine Learning AWS React Java Node.js
Java Engineer,Java Engineer Python SQL Machine Learning AWS React Java Node.js
DevOps Engineer,DevOps Engineer Python SQL Machine Learning AWS React Java Node.js
DevOps Engineer,DevOps Engineer Python SQL Machine Learning AWS React Java Node.js
Java Engineer,Java Engineer Python SQL Machine Learning AWS React Java Node.js
Frontend Developer,Frontend Developer Python SQL Machine Learning AWS React Java Node.js
Data Scientist,Data Scientist Python SQL Machine Learning AWS React Java Node.js
Data Scientist,Data Scientist Python SQL Machine Learning AWS React Java Node.js
DevOps Engineer,DevOps Engineer Python SQL Machine Learning AWS React Java Node.js
Python Developer,Python Developer Python SQL Machine Learning AWS React Java Node.js
Frontend Developer,Frontend Developer Python SQL Machine Learning AWS React Java Node.js
Data Scientist,Data Scientist Python SQL Machine Learning AWS React Java Node.js
Java Engineer,Java Engineer Python SQL Machine Learning AWS React Java Node.js
Frontend Developer,Frontend Developer Python SQL Machine Learning AWS React Java Node.js
Java Engineer,Java Engineer Python SQL Machine Learning AWS React Java Node.js
Java Engineer,Java Engineer Python SQL Machine Learning AWS React Java Node.js
Data Scientist,Data Scientist Python SQL Machine Learning AWS React Java Node.js
Data Scientist,Data Scientist Python SQL Machine Learning AWS React Java Node.js
Java Engineer,Java Engineer Python SQL Machine Learning AWS React Java Node.js
Frontend Developer,Frontend Developer Python SQL Machine Learning AWS React Java Node.js
Frontend Developer,Frontend Developer Python SQL Machine Learning AWS React Java Node.js
Java Engineer,Java Engineer Python SQL Machine Learning AWS React Java Node.js
Frontend Developer,Frontend Developer Python SQL Machine Learning AWS React Java Node.js
DevOps Engineer,DevOps Engineer Python SQL Machine Learning AWS React Java Node.js
Frontend Developer,Frontend Developer Python SQL Machine Learning AWS React Java Node.js
Java Engineer,Java Engineer Python SQL Machine Learning AWS React Java Node.js
Frontend Developer,Frontend Developer Python SQL Machine Learning AWS React Java Node.js
DevOps Engineer,DevOps Engineer Python SQL Machine Learning AWS React Java Node.js
DevOps Engineer,DevOps Engineer Python SQL Machine Learning AWS React Java Node.js
DevOps Engineer,DevOps Engineer Python SQL Machine Learning AWS React Java Node.js
Java Engineer,Java Engineer Python SQL Machine Learning AWS React Java Node.js
Frontend Developer,Frontend Developer Python SQL Machine Learning AWS React Java Node.js
Java Engineer,Java Engineer Python SQL Machine Learning AWS React Java Node.js
Python Developer,Python Developer Python SQL Machine Learning AWS React Java Node.js
Data Scientist,Data Scientist Python SQL Machine Learning AWS React Java Node.js
Java Engineer,Java Engineer Python SQL Machine Learning AWS React Java Node.js
Data Scientist,Data Scientist Python SQL Machine Learning AWS React Java Node.js
DevOps Engineer,DevOps Engineer Python SQL Machine Learning AWS React Java Node.js
Java Engineer,Java Engineer Python SQL Machine Learning AWS React Java Node.js
Python Developer,Python Developer Python SQL Machine Learning AWS React Java Node.js
Java Engineer,Java Engineer Python SQL Machine Learning AWS React Java Node.js
Java Engineer,Java Engineer Python SQL Machine Learning AWS React Java Node.js
Data Scientist,Data Scientist Python SQL Machine Learning AWS React Java Node.js
DevOps Engineer,DevOps Engineer Python SQL Machine Learning AWS React Java Node.js
Python Developer,Python Developer Python SQL Machine Learning AWS React Java Node.js
DevOps Engineer,DevOps Engineer Python SQL Machine Learning AWS React Java Node.js
Data Scientist,Data Scientist Python SQL Machine Learning AWS React Java Node.js
Frontend Developer,Frontend Developer Python SQL Machine Learning AWS React Java Node.js
Data Scientist,Data Scientist Python SQL Machine Learning AWS React Java Node.js
Data Scientist,Data Scientist Python SQL Machine Learning AWS React Java Node.js
Frontend Developer,Frontend Developer Python SQL Machine Learning AWS React Java Node.js
DevOps Engineer,DevOps Engineer Python SQL Machine Learning AWS React Java Node.js
Data Scientist,Data Scientist Python SQL Machine Learning AWS React Java Node.js
Data Scientist,Data Scientist Python SQL Machine Learning AWS React Java Node.js
Data Scientist,Data Scientist Python SQL Machine Learning AWS React Java Node.js
Python Developer,Python Developer Python SQL Machine Learning AWS React Java Node.js
Frontend Developer,Frontend Developer Python SQL Machine Learning AWS React Java Node.js
Python Developer,Python Developer Python SQL Machine Learning AWS React Java Node.js
DevOps Engineer,DevOps Engineer Python SQL Machine Learning AWS React Java Node.js
Frontend Developer,Frontend Developer Python SQL Machine Learning AWS React Java Node.js
Data Scientist,Data Scientist Python SQL Machine Learning AWS React Java Node.js
Java Engineer,Java Engineer Python SQL Machine Learning AWS React Java Node.js
DevOps Engineer,DevOps Engineer Python SQL Machine Learning AWS React Java Node.js
Data Scientist,Data Scientist Python SQL Machine Learning AWS React Java Node.js
Data Scientist,Data Scientist Python SQL Machine Learning AWS React Java Node.js
Python Developer,Python Developer Python SQL Machine Learning AWS React Java Node.js
Java Engineer,Java Engineer Python SQL Machine Learning AWS React Java Node.js
DevOps Engineer,DevOps Engineer Python SQL Machine Learning AWS React Java Node.js
Python Developer,Python Developer Python SQL Machine Learning AWS React Java Node.js
Java Engineer,Java Engineer Python SQL Machine Learning AWS React Java Node.js
Python Developer,Python Developer Python SQL Machine Learning AWS React Java Node.js
Java Engineer,Java Engineer Python SQL Machine Learning AWS React Java Node.js
DevOps Engineer,DevOps Engineer Python SQL Machine Learning AWS React Java Node.js
Java Engineer,Java Engineer Python SQL Machine Learning AWS React Java Node.js
Data Scientist,Data Scientist Python SQL Machine Learning AWS React Java Node.js
Frontend Developer,Frontend Developer Python SQL Machine Learning AWS React Java Node.js
DevOps Engineer,DevOps Engineer Python SQL Machine Learning AWS React Java Node.js
Frontend Developer,Frontend Developer Python SQL Machine Learning AWS React Java Node.js
Python Developer,Python Developer Python SQL Machine Learning AWS React Java Node.js
Java Engineer,Java Engineer Python SQL Machine Learning AWS React Java Node.js
DevOps Engineer,DevOps Engineer Python SQL Machine Learning AWS React Java Node.js
DevOps Engineer,DevOps Engineer Python SQL Machine Learning AWS React Java Node.js
Python Developer,Python Developer Python SQL Machine Learning AWS React Java Node.js
Java Engineer,Java Engineer Python SQL Machine Learning AWS React Java Node.js
Python Developer,Python Developer Python SQL Machine Learning AWS React Java Node.js
Frontend Developer,Frontend Developer Python SQL Machine Learning AWS React Java Node.js
Python Developer,Python Developer Python SQL Machine Learning AWS React Java Node.js
Frontend Developer,Frontend Developer Python SQL Machine Learning AWS React Java Node.js
Frontend Developer,Frontend Developer Python SQL Machine Learning AWS React Java Node.js
Java Engineer,Java Engineer Python SQL Machine Learning AWS React Java Node.js
DevOps Engineer,DevOps Engineer Python SQL Machine Learning AWS React Java Node.js
DevOps Engineer,DevOps Engineer Python SQL Machine Learning AWS React Java Node.js
Java Engineer,Java Engineer Python SQL Machine Learning AWS React Java Node.js
Data Scientist,Data Scientist Python SQL Machine Learning AWS React Java Node.js
Frontend Developer,Frontend Developer Python SQL Machine Learning AWS React Java Node.js
Data Scientist,Data Scientist Python SQL Machine Learning AWS React Java Node.js
Data Scientist,Data Scientist Python SQL Machine Learning AWS React Java Node.js
Java Engineer,Java Engineer Python SQL Machine Learning AWS React Java Node.js
Frontend Developer,Frontend Developer Python SQL Machine Learning AWS React Java Node.js
DevOps Engineer,DevOps Engineer Python SQL Machine Learning AWS React Java Node.js
Frontend Developer,Frontend Developer Python SQL Machine Learning AWS React Java Node.js
DevOps Engineer,DevOps Engineer Python SQL Machine Learning AWS React Java Node.js
DevOps Engineer,DevOps Engineer Python SQL Machine Learning AWS React Java Node.js
Frontend Developer,Frontend Developer Python SQL Machine Learning AWS React Java Node.js
Python Developer,Python Developer Python SQL Machine Learning AWS React Java Node.js
Python Developer,Python Developer Python SQL Machine Learning AWS React Java Node.js
Frontend Developer,Frontend Developer Python SQL Machine Learning AWS React Java Node.js
DevOps Engineer,DevOps Engineer Python SQL Machine Learning AWS React Java Node.js
DevOps Engineer,DevOps Engineer Python SQL Machine Learning AWS React Java Node.js
Python Developer,Python Developer Python SQL Machine Learning AWS React Java Node.js
Frontend Developer,Frontend Developer Python SQL Machine Learning AWS React Java Node.js
Data Scientist,Data Scientist Python SQL Machine Learning AWS React Java Node.js
Java Engineer,Java Engineer Python SQL Machine Learning AWS React Java Node.js
Java Engineer,Java Engineer Python SQL Machine Learning AWS React Java Node.js
Python Developer,Python Developer Python SQL Machine Learning AWS React Java Node.js
Frontend Developer,Frontend Developer Python SQL Machine Learning AWS React Java Node.js
DevOps Engineer,DevOps Engineer Python SQL Machine Learning AWS React Java Node.js
DevOps Engineer,DevOps Engineer Python SQL Machine Learning AWS React Java Node.js
DevOps Engineer,DevOps Engineer Python SQL Machine Learning AWS React Java Node.js
Data Scientist,Data Scientist Python SQL Machine Learning AWS React Java Node.js
Data Scientist,Data Scientist Python SQL Machine Learning AWS React Java Node.js
Python Developer,Python Developer Python SQL Machine Learning AWS React Java Node.js
Python Developer,Python Developer Python SQL Machine Learning AWS React Java Node.js
DevOps Engineer,DevOps Engineer Python SQL Machine Learning AWS React Java Node.js
DevOps Engineer,DevOps Engineer Python SQL Machine Learning AWS React Java Node.js
DevOps Engineer,DevOps Engineer Python SQL Machine Learning AWS React Java Node.js
Python Developer,Python Developer Python SQL Machine Learning AWS React Java Node.js
DevOps Engineer,DevOps Engineer Python SQL Machine Learning AWS React Java Node.js
Frontend Developer,Frontend Developer Python SQL Machine Learning AWS React Java Node.js
Java Engineer,Java Engineer Python SQL Machine Learning AWS React Java Node.js
Java Engineer,Java Engineer Python SQL Machine Learning AWS React Java Node.js
Frontend Developer,Frontend Developer Python SQL Machine Learning AWS React Java Node.js
Java Engineer,Java Engineer Python SQL Machine Learning AWS React Java Node.js
DevOps Engineer,DevOps Engineer Python SQL Machine Learning AWS React Java Node.js
Python Developer,Python Developer Python SQL Machine Learning AWS React Java Node.js
Data Scientist,Data Scientist Python SQL Machine Learning AWS React Java Node.js
Java Engineer,Java Engineer Python SQL Machine Learning AWS React Java Node.js
Frontend Developer,Frontend Developer Python SQL Machine Learning AWS React Java Node.js
Data Scientist,Data Scientist Python SQL Machine Learning AWS React Java Node.js
Java Engineer,Java Engineer Python SQL Machine Learning AWS React Java Node.js
Python Developer,Python Developer Python SQL Machine Learning AWS React Java Node.js
Python Developer,Python Developer Python SQL Machine Learning AWS React Java Node.js
DevOps Engineer,DevOps Engineer Python SQL Machine Learning AWS React Java Node.js
Java Engineer,Java Engineer Python SQL Machine Learning AWS React Java Node.js
Java Engineer,Java Engineer Python SQL Machine Learning AWS React Java Node.js
Python Developer,Python Developer Python SQL Machine Learning AWS React Java Node.js
Java Engineer,Java Engineer Python SQL Machine Learning AWS React Java Node.js
Java Engineer,Java Engineer Python SQL Machine Learning AWS React Java Node.js
Frontend Developer,Frontend Developer Python SQL Machine Learning AWS React Java Node.js
DevOps Engineer,DevOps Engineer Python SQL Machine Learning AWS React Java Node.js
Frontend Developer,Frontend Developer Python SQL Machine Learning AWS React Java Node.js
DevOps Engineer,DevOps Engineer Python SQL Machine Learning AWS React Java Node.js
Java Engineer,Java Engineer Python SQL Machine Learning AWS React Java Node.js
Frontend Developer,Frontend Developer Python SQL Machine Learning AWS React Java Node.js
Frontend Developer,Frontend Developer Python SQL Machine Learning AWS React Java Node.js
DevOps Engineer,DevOps Engineer Python SQL Machine Learning AWS React Java Node.js
Java Engineer,Java Engineer Python SQL Machine Learning AWS React Java Node.js
DevOps Engineer,DevOps Engineer Python SQL Machine Learning AWS React Java Node.js
Frontend Developer,Frontend Developer Python SQL Machine Learning AWS React Java Node.js
Data Scientist,Data Scientist Python SQL Machine Learning AWS React Java Node.js
Python Developer,Python Developer Python SQL Machine Learning AWS React Java Node.js
Python Developer,Python Developer Python SQL Machine Learning AWS React Java Node.js
Python Developer,Python Developer Python SQL Machine Learning AWS React Java Node.js
DevOps Engineer,DevOps Engineer Python SQL Machine Learning AWS React Java Node.js
Frontend Developer,Frontend Developer Python SQL Machine Learning AWS React Java Node.js
DevOps Engineer,DevOps Engineer Python SQL Machine Learning AWS React Java Node.js
Java Engineer,Java Engineer Python SQL Machine Learning AWS React Java Node.js
Java Engineer,Java Engineer Python SQL Machine Learning AWS React Java Node.js
Frontend Developer,Frontend Developer Python SQL Machine Learning AWS React Java Node.js
DevOps Engineer,DevOps Engineer Python SQL Machine Learning AWS React Java Node.js
Python Developer,Python Developer Python SQL Machine Learning AWS React Java Node.js
Java Engineer,Java Engineer Python SQL Machine Learning AWS React Java Node.js
Frontend Developer,Frontend Developer Python SQL Machine Learning AWS React Java Node.js
Data Scientist,Data Scientist Python SQL Machine Learning AWS React Java Node.js
Python Developer,Python Developer Python SQL Machine Learning AWS React Java Node.js
Java Engineer,Java Engineer Python SQL Machine Learning AWS React Java Node.js
Python Developer,Python Developer Python SQL Machine Learning AWS React Java Node.js
DevOps Engineer,DevOps Engineer Python SQL Machine Learning AWS React Java Node.js
Java Engineer,Java Engineer Python SQL Machine Learning AWS React Java Node.js
DevOps Engineer,DevOps Engineer Python SQL Machine Learning AWS React Java Node.js
Frontend Developer,Frontend Developer Python SQL Machine Learning AWS React Java Node.js
DevOps Engineer,DevOps Engineer Python SQL Machine Learning AWS React Java Node.js
Frontend Developer,Frontend Developer Python SQL Machine Learning AWS React Java Node.js
Python Developer,Python Developer Python SQL Machine Learning AWS React Java Node.js
Data Scientist,Data Scientist Python SQL Machine Learning AWS React Java Node.js
Frontend Developer,Frontend Developer Python SQL Machine Learning AWS React Java Node.js
Python Developer,Python Developer Python SQL Machine Learning AWS React Java Node.js
Frontend Developer,Frontend Developer Python SQL Machine Learning AWS React Java Node.js
Frontend Developer,Frontend Developer Python SQL Machine Learning AWS React Java Node.js
Frontend Developer,Frontend Developer Python SQL Machine Learning AWS React Java Node.js
DevOps Engineer,DevOps Engineer Python SQL Machine Learning AWS React Java Node.js
Frontend Developer,Frontend Developer Python SQL Machine Learning AWS React Java Node.js
Frontend Developer,Frontend Developer Python SQL Machine Learning AWS React Java Node.js
Java Engineer,Java Engineer Python SQL Machine Learning AWS React Java Node.js
Frontend Developer,Frontend Developer Python SQL Machine Learning AWS React Java Node.js
Frontend Developer,Frontend Developer Python SQL Machine Learning AWS React Java Node.js
Frontend Developer,Frontend Developer Python SQL Machine Learning AWS React Java Node.js
DevOps Engineer,DevOps Engineer Python SQL Machine Learning AWS React Java Node.js
Frontend Developer,Frontend Developer Python SQL Machine Learning AWS React Java Node.js
DevOps Engineer,DevOps Engineer Python SQL Machine Learning AWS React Java Node.js
DevOps Engineer,DevOps Engineer Python SQL Machine Learning AWS React Java Node.js
Data Scientist,Data Scientist Python SQL Machine Learning AWS React Java Node.js
DevOps Engineer,DevOps Engineer Python SQL Machine Learning AWS React Java Node.js
DevOps Engineer,DevOps Engineer Python SQL Machine Learning AWS React Java Node.js
Frontend Developer,Frontend Developer Python SQL Machine Learning AWS React Java Node.js
Python Developer,Python Developer Python SQL Machine Learning AWS React Java Node.js
Python Developer,Python Developer Python SQL Machine Learning AWS React Java Node.js
Java Engineer,Java Engineer Python SQL Machine Learning AWS React Java Node.js
Python Developer,Python Developer Python SQL Machine Learning AWS React Java Node.js
Python Developer,Python Developer Python SQL Machine Learning AWS React Java Node.js
Frontend Developer,Frontend Developer Python SQL Machine Learning AWS React Java Node.js
Data Scientist,Data Scientist Python SQL Machine Learning AWS React Java Node.js
Python Developer,Python Developer Python SQL Machine Learning AWS React Java Node.js
Frontend Developer,Frontend Developer Python SQL Machine Learning AWS React Java Node.js
Frontend Developer,Frontend Developer Python SQL Machine Learning AWS React Java Node.js
Java Engineer,Java Engineer Python SQL Machine Learning AWS React Java Node.js
Frontend Developer,Frontend Developer Python SQL Machine Learning AWS React Java Node.js
Data Scientist,Data Scientist Python SQL Machine Learning AWS React Java Node.js
Data Scientist,Data Scientist Python SQL Machine Learning AWS React Java Node.js
Java Engineer,Java Engineer Python SQL Machine Learning AWS React Java Node.js
Python Developer,Python Developer Python SQL Machine Learning AWS React Java Node.js
Data Scientist,Data Scientist Python SQL Machine Learning AWS React Java Node.js
Python Developer,Python Developer Python SQL Machine Learning AWS React Java Node.js
Java Engineer,Java Engineer Python SQL Machine Learning AWS React Java Node.js
Data Scientist,Data Scientist Python SQL Machine Learning AWS React Java Node.js
Frontend Developer,Frontend Developer Python SQL Machine Learning AWS React Java Node.js
Data Scientist,Data Scientist Python SQL Machine Learning AWS React Java Node.js
Python Developer,Python Developer Python SQL Machine Learning AWS React Java Node.js
Python Developer,Python Developer Python SQL Machine Learning AWS React Java Node.js
Python Developer,Python Developer Python SQL Machine Learning AWS React Java Node.js
Java Engineer,Java Engineer Python SQL Machine Learning AWS React Java Node.js
Python Developer,Python Developer Python SQL Machine Learning AWS React Java Node.js
Java Engineer,Java Engineer Python SQL Machine Learning AWS React Java Node.js
Frontend Developer,Frontend Developer Python SQL Machine Learning AWS React Java Node.js
Python Developer,Python Developer Python SQL Machine Learning AWS React Java Node.js
Frontend Developer,Frontend Developer Python SQL Machine Learning AWS React Java Node.js
Java Engineer,Java Engineer Python SQL Machine Learning AWS React Java Node.js
Python Developer,Python Developer Python SQL Machine Learning AWS React Java Node.js
Python Developer,Python Developer Python SQL Machine Learning AWS React Java Node.js
DevOps Engineer,DevOps Engineer Python SQL Machine Learning AWS React Java Node.js
Frontend Developer,Frontend Developer Python SQL Machine Learning AWS React Java Node.js
Python Developer,Python Developer Python SQL Machine Learning AWS React Java Node.js
DevOps Engineer,DevOps Engineer Python SQL Machine Learning AWS React Java Node.js
Java Engineer,Java Engineer Python SQL Machine Learning AWS React Java Node.js
Frontend Developer,Frontend Developer Python SQL Machine Learning AWS React Java Node.js
Data Scientist,Data Scientist Python SQL Machine Learning AWS React Java Node.js
Java Engineer,Java Engineer Python SQL Machine Learning AWS React Java Node.js
Java Engineer,Java Engineer Python SQL Machine Learning AWS React Java Node.js
Data Scientist,Data Scientist Python SQL Machine Learning AWS React Java Node.js
Python Developer,Python Developer Python SQL Machine Learning AWS React Java Node.js
Python Developer,Python Developer Python SQL Machine Learning AWS React Java Node.js
Python Developer,Python Developer Python SQL Machine Learning AWS React Java Node.js
Python Developer,Python Developer Python SQL Machine Learning AWS React Java Node.js
Data Scientist,Data Scientist Python SQL Machine Learning AWS React Java Node.js
Python Developer,Python Developer Python SQL Machine Learning AWS React Java Node.js
Data Scientist,Data Scientist Python SQL Machine Learning AWS React Java Node.js
Data Scientist,Data Scientist Python SQL Machine Learning AWS React Java Node.js
Data Scientist,Data Scientist Python SQL Machine Learning AWS React Java Node.js
Data Scientist,Data Scientist Python SQL Machine Learning AWS React Java Node.js
DevOps Engineer,DevOps Engineer Python SQL Machine Learning AWS React Java Node.js
DevOps Engineer,DevOps Engineer Python SQL Machine Learning AWS React Java Node.js
Java Engineer,Java Engineer Python SQL Machine Learning AWS React Java Node.js
DevOps Engineer,DevOps Engineer Python SQL Machine Learning AWS React Java Node.js
Frontend Developer,Frontend Developer Python SQL Machine Learning AWS React Java Node.js
DevOps Engineer,DevOps Engineer Python SQL Machine Learning AWS React Java Node.js
DevOps Engineer,DevOps Engineer Python SQL Machine Learning AWS React Java Node.js
DevOps Engineer,DevOps Engineer Python SQL Machine Learning AWS React Java Node.js
Frontend Developer,Frontend Developer Python SQL Machine Learning AWS React Java Node.js
Python Developer,Python Developer Python SQL Machine Learning AWS React Java Node.js
Python Developer,Python Developer Python SQL Machine Learning AWS React Java Node.js
Python Developer,Python Developer Python SQL Machine Learning AWS React Java Node.js
DevOps Engineer,DevOps Engineer Python SQL Machine Learning AWS React Java Node.js
Data Scientist,Data Scientist Python SQL Machine Learning AWS React Java Node.js
Data Scientist,Data Scientist Python SQL Machine Learning AWS React Java Node.js
Java Engineer,Java Engineer Python SQL Machine Learning AWS React Java Node.js
Data Scientist,Data Scientist Python SQL Machine Learning AWS React Java Node.js
Frontend Developer,Frontend Developer Python SQL Machine Learning AWS React Java Node.js
Java Engineer,Java Engineer Python SQL Machine Learning AWS React Java Node.js
Frontend Developer,Frontend Developer Python SQL Machine Learning AWS React Java Node.js
Frontend Developer,Frontend Developer Python SQL Machine Learning AWS React Java Node.js
DevOps Engineer,DevOps Engineer Python SQL Machine Learning AWS React Java Node.js
Java Engineer,Java Engineer Python SQL Machine Learning AWS React Java Node.js
Frontend Developer,Frontend Developer Python SQL Machine Learning AWS React Java Node.js
Java Engineer,Java Engineer Python SQL Machine Learning AWS React Java Node.js
DevOps Engineer,DevOps Engineer Python SQL Machine Learning AWS React Java Node.js
Java Engineer,Java Engineer Python SQL Machine Learning AWS React Java Node.js
Frontend Developer,Frontend Developer Python SQL Machine Learning AWS React Java Node.js
DevOps Engineer,DevOps Engineer Python SQL Machine Learning AWS React Java Node.js
Data Scientist,Data Scientist Python SQL Machine Learning AWS React Java Node.js
Java Engineer,Java Engineer Python SQL Machine Learning AWS React Java Node.js
Data Scientist,Data Scientist Python SQL Machine Learning AWS React Java Node.js
Data Scientist,Data Scientist Python SQL Machine Learning AWS React Java Node.js
DevOps Engineer,DevOps Engineer Python SQL Machine Learning AWS React Java Node.js
Python Developer,Python Developer Python SQL Machine Learning AWS React Java Node.js
Data Scientist,Data Scientist Python SQL Machine Learning AWS React Java Node.js
Java Engineer,Java Engineer Python SQL Machine Learning AWS React Java Node.js
DevOps Engineer,DevOps Engineer Python SQL Machine Learning AWS React Java Node.js
Java Engineer,Java Engineer Python SQL Machine Learning AWS React Java Node.js
Java Engineer,Java Engineer Python SQL Machine Learning AWS React Java Node.js
DevOps Engineer,DevOps Engineer Python SQL Machine Learning AWS React Java Node.js
Java Engineer,Java Engineer Python SQL Machine Learning AWS React Java Node.js
DevOps Engineer,DevOps Engineer Python SQL Machine Learning AWS React Java Node.js
Java Engineer,Java Engineer Python SQL Machine Learning AWS React Java Node.js
Python Developer,Python Developer Python SQL Machine Learning AWS React Java Node.js
Python Developer,Python Developer Python SQL Machine Learning AWS React Java Node.js
DevOps Engineer,DevOps Engineer Python SQL Machine Learning AWS React Java Node.js
DevOps Engineer,DevOps Engineer Python SQL Machine Learning AWS React Java Node.js
DevOps Engineer,DevOps Engineer Python SQL Machine Learning AWS React Java Node.js
Data Scientist,Data Scientist Python SQL Machine Learning AWS React Java Node.js
Data Scientist,Data Scientist Python SQL Machine Learning AWS React Java Node.js
Frontend Developer,Frontend Developer Python SQL Machine Learning AWS React Java Node.js
DevOps Engineer,DevOps Engineer Python SQL Machine Learning AWS React Java Node.js
Data Scientist,Data Scientist Python SQL Machine Learning AWS React Java Node.js
Frontend Developer,Frontend Developer Python SQL Machine Learning AWS React Java Node.js
Java Engineer,Java Engineer Python SQL Machine Learning AWS React Java Node.js
Data Scientist,Data Scientist Python SQL Machine Learning AWS React Java Node.js
DevOps Engineer,DevOps Engineer Python SQL Machine Learning AWS React Java Node.js
Java Engineer,Java Engineer Python SQL Machine Learning AWS React Java Node.js
DevOps Engineer,DevOps Engineer Python SQL Machine Learning AWS React Java Node.js
Java Engineer,Java Engineer Python SQL Machine Learning AWS React Java Node.js
Java Engineer,Java Engineer Python SQL Machine Learning AWS React Java Node.js
Java Engineer,Java Engineer Python SQL Machine Learning AWS React Java Node.js
Java Engineer,Java Engineer Python SQL Machine Learning AWS React Java Node.js
DevOps Engineer,DevOps Engineer Python SQL Machine Learning AWS React Java Node.js
DevOps Engineer,DevOps Engineer Python SQL Machine Learning AWS React Java Node.js
Data Scientist,Data Scientist Python SQL Machine Learning AWS React Java Node.js
Frontend Developer,Frontend Developer Python SQL Machine Learning AWS React Java Node.js
DevOps Engineer,DevOps Engineer Python SQL Machine Learning AWS React Java Node.js
Python Developer,Python Developer Python SQL Machine Learning AWS React Java Node.js
DevOps Engineer,DevOps Engineer Python SQL Machine Learning AWS React Java Node.js
Data Scientist,Data Scientist Python SQL Machine Learning AWS React Java Node.js
Java Engineer,Java Engineer Python SQL Machine Learning AWS React Java Node.js
DevOps Engineer,DevOps Engineer Python SQL Machine Learning AWS React Java Node.js
Java Engineer,Java Engineer Python SQL Machine Learning AWS React Java Node.js
Frontend Developer,Frontend Developer Python SQL Machine Learning AWS React Java Node.js
Python Developer,Python Developer Python SQL Machine Learning AWS React Java Node.js
Python Developer,Python Developer Python SQL Machine Learning AWS React Java Node.js
DevOps Engineer,DevOps Engineer Python SQL Machine Learning AWS React Java Node.js
DevOps Engineer,DevOps Engineer Python SQL Machine Learning AWS React Java Node.js
Java Engineer,Java Engineer Python SQL Machine Learning AWS React Java Node.js
Python Developer,Python Developer Python SQL Machine Learning AWS React Java Node.js
Data Scientist,Data Scientist Python SQL Machine Learning AWS React Java Node.js
Data Scientist,Data Scientist Python SQL Machine Learning AWS React Java Node.js
Data Scientist,Data Scientist Python SQL Machine Learning AWS React Java Node.js
Java Engineer,Java Engineer Python SQL Machine Learning AWS React Java Node.js
Data Scientist,Data Scientist Python SQL Machine Learning AWS React Java Node.js
Data Scientist,Data Scientist Python SQL Machine Learning AWS React Java Node.js
Java Engineer,Java Engineer Python SQL Machine Learning AWS React Java Node.js
Frontend Developer,Frontend Developer Python SQL Machine Learning AWS React Java Node.js
DevOps Engineer,DevOps Engineer Python SQL Machine Learning AWS React Java Node.js
DevOps Engineer,DevOps Engineer Python SQL Machine Learning AWS React Java Node.js
DevOps Engineer,DevOps Engineer Python SQL Machine Learning AWS React Java Node.js
Java Engineer,Java Engineer Python SQL Machine Learning AWS React Java Node.js
Frontend Developer,Frontend Developer Python SQL Machine Learning AWS React Java Node.js
Data Scientist,Data Scientist Python SQL Machine Learning AWS React Java Node.js
Python Developer,Python Developer Python SQL Machine Learning AWS React Java Node.js
Frontend Developer,Frontend Developer Python SQL Machine Learning AWS React Java Node.js
DevOps Engineer,DevOps Engineer Python SQL Machine Learning AWS React Java Node.js
DevOps Engineer,DevOps Engineer Python SQL Machine Learning AWS React Java Node.js
Python Developer,Python Developer Python SQL Machine Learning AWS React Java Node.js
DevOps Engineer,DevOps Engineer Python SQL Machine Learning AWS React Java Node.js
Data Scientist,Data Scientist Python SQL Machine Learning AWS React Java Node.js
Frontend Developer,Frontend Developer Python SQL Machine Learning AWS React Java Node.js
Java Engineer,Java Engineer Python SQL Machine Learning AWS React Java Node.js
Frontend Developer,Frontend Developer Python SQL Machine Learning AWS React Java Node.js
Data Scientist,Data Scientist Python SQL Machine Learning AWS React Java Node.js
Frontend Developer,Frontend Developer Python SQL Machine Learning AWS React Java Node.js
Python Developer,Python Developer Python SQL Machine Learning AWS React Java Node.js
Data Scientist,Data Scientist Python SQL Machine Learning AWS React Java Node.js
Python Developer,Python Developer Python SQL Machine Learning AWS React Java Node.js
Data Scientist,Data Scientist Python SQL Machine Learning AWS React Java Node.js
Python Developer,Python Developer Python SQL Machine Learning AWS React Java Node.js
